m,lambda,model
0.832268087969601,5828.59984372453,BSk20
0.872223259801287,4591.01773610805,BSk20
0.912076935080453,3646.19099869868,BSk20
0.951746977705502,2918.69816285782,BSk20
0.99115640174626,2353.9763621986,BSk20
1.03023435113487,1912.18287226443,BSk20
1.06891479646858,1563.98434524106,BSk20
1.10713693283283,1287.59879861988,BSk20
1.14484479887792,1066.72339358718,BSk20
1.18198865707211,889.055229680989,BSk20
1.21852330332718,745.249170662886,BSk20
1.25440843015183,628.15417544794,BSk20
1.28960721939759,532.264132615187,BSk20
1.32408855955644,453.305798596898,BSk20
1.35782657731453,387.943402057842,BSk20
1.39079691280379,333.56315093422,BSk20
1.42298092961025,288.098113158865,BSk20
1.45436379275048,249.907373927821,BSk20
1.48493137181639,217.684081994006,BSk20
1.51467688434035,190.375511621908,BSk20
1.5435922206776,167.13667982216,BSk20
1.57167496973374,147.280551256374,BSk20
1.59892419448232,130.248730334247,BSk20
1.62534081552052,115.584905522219,BSk20
1.65092790524182,102.914299254318,BSk20
1.67569123256271,91.9275246636351,BSk20
1.6996378351955,82.3686639036372,BSk20
1.72277565053116,74.0252444445072,BSk20
1.74511433879538,66.7198609626502,BSk20
1.76666573894413,60.303690482529,BSk20
1.78744122680738,54.6521223569489,BSk20
1.80745404219281,49.6598375389611,BSk20
1.8267179445227,45.2378126091635,BSk20
1.84524749419579,41.3104719839104,BSk20
1.86305781524674,37.8134813098841,BSk20
1.88016402671747,34.6919915829639,BSk20
1.89658216605997,31.8989334821432,BSk20
1.9123286718235,29.3938689795167,BSk20
1.92741973807173,27.1420435174894,BSk20
1.94187214345809,25.1133822894522,BSk20
1.95570242942592,23.2818917997979,BSk20
1.96892740462249,21.6249792447293,BSk20
1.9815635114623,20.1230272556845,BSk20
1.99362763709224,18.7588663213732,BSk20
2.00513597268511,17.5175501028134,BSk20
2.01610521683909,16.385914127156,BSk20
2.02655106747661,15.3524789738885,BSk20
2.03648982078745,14.4070652906439,BSk20
2.04593706779167,13.5407393274313,BSk20
2.05490844916061,12.7455797407675,BSk20
2.06341910103606,12.0145925105785,BSk20
2.07148396977798,11.3415648176202,BSk20
2.07911756514934,10.7209843147192,BSk20
2.086334278398,10.1479287557943,BSk20
2.09314815644597,9.61800816316591,BSk20
2.09957282496639,9.12730736773235,BSk20
2.10562153961323,8.67232427902278,BSk20
2.11130731024172,8.24991217463785,BSk20
2.11664288811111,7.85723992411726,BSk20
2.12164072849061,7.4917576691576,BSk20
2.12631271803208,7.15118458206422,BSk20
2.13067053875531,6.83345352960663,BSk20
2.13472552220866,6.53669835702691,BSk20
2.13848857080757,6.25923763296373,BSk20
2.14197055400885,5.9995268003953,BSk20
2.14518183641764,5.75617647297698,BSk20
2.14813237507418,5.52793115554374,BSk20
2.15083183575118,5.31364887963768,BSk20
2.15328986380897,5.11226728436007,BSk20
2.15551553414848,4.92283640627855,BSk20
2.15751758133573,4.74449440920977,BSk20
2.15930451954706,4.57645031726614,BSk20
2.16088494473205,4.41794524754793,BSk20
2.16226676520234,4.26831828128246,BSk20
2.16345760920291,4.12696861526609,BSk20
2.16446498193908,3.99333261469241,BSk20
2.16529620491904,3.86688102330057,BSk20
2.16595820818672,3.7471458027384,BSk20
2.16645778078302,3.63368170833319,BSk20
2.1668014577573,3.52607813385672,BSk20
2.1669955021653,3.42397318041592,BSk20
2.16704602442758,3.32701904177467,BSk20
0.810000987633193,9259.49478007881,BSk21
0.8636772312762,6778.19387990341,BSk21
0.917272512196564,5034.35454862022,BSk21
0.970586905445402,3790.64635247302,BSk21
1.02343789030664,2891.22582968174,BSk21
1.07566151306161,2232.18328985516,BSk21
1.12710794301721,1743.27068733215,BSk21
1.17764461328218,1376.30287263398,BSk21
1.22715657016435,1097.7935371569,BSk21
1.27554290787418,884.196386067536,BSk21
1.32272038816134,718.741849364973,BSk21
1.36861749355295,589.36924215898,BSk21
1.41317930634454,487.297071402937,BSk21
1.4563631825169,406.074879183853,BSk21
1.49813441555588,340.923025514356,BSk21
1.5384744530559,288.254665707723,BSk21
1.57736994323144,245.366601667292,BSk21
1.61481931045734,210.196687587512,BSk21
1.65082562864379,181.16456585898,BSk21
1.685401243066,157.045738295307,BSk21
1.71856368275819,136.886697426691,BSk21
1.75033318459775,119.940509789977,BSk21
1.7807376382974,105.615440082621,BSk21
1.8098065414308,93.4420519096173,BSk21
1.83757284747514,83.044649927605,BSk21
1.86407037909249,74.1214551971835,BSk21
1.88933567123118,66.4279681944216,BSk21
1.91340784547686,59.7649594861935,BSk21
1.93632445233683,53.9701670664926,BSk21
1.9581247463009,48.9099331875729,BSk21
1.97884837884989,44.4738494394326,BSk21
1.99853493818508,40.5703279405429,BSk21
2.01722301938929,37.1231813485983,BSk21
2.03495077968291,34.0686269441163,BSk21
2.05175580429859,31.3530483855303,BSk21
2.06767546054966,28.9311226609179,BSk21
2.08274598540886,26.7644989097078,BSk21
2.09700238520646,24.8206081871894,BSk21
2.11047840997507,23.0716901795149,BSk21
2.12320657066807,21.4939955858322,BSk21
2.13521837794662,20.0671086555564,BSk21
2.1465453038496,18.773312870735,BSk21
2.15721692764183,17.5973747587347,BSk21
2.16726086776081,16.5261708835957,BSk21
2.17670379857489,15.5482719499842,BSk21
2.18557339827833,14.653501886306,BSk21
2.19389398512024,13.8331785520779,BSk21
2.20168848033088,13.0797236567878,BSk21
2.20898111569003,12.386261192772,BSk21
2.21579380047095,11.7468480952252,BSk21
2.22214639008097,11.1563342130857,BSk21
2.22806008140532,10.6099604158746,BSk21
2.23355379242284,10.1036210075932,BSk21
2.23864500735042,9.63371963663964,BSk21
2.24335254254935,9.19686106970033,BSk21
2.24769220442905,8.79020512796887,BSk21
2.25168005185092,8.41112747436778,BSk21
2.25533195498293,8.05722251955856,BSk21
2.25866161614586,7.72646701612851,BSk21
2.26168388928663,7.41687134031737,BSk21
2.26441139785358,7.12679365368527,BSk21
2.26685723633418,6.85464978470848,BSk21
2.26903358485735,6.59903835009515,BSk21
2.27095180355827,6.35872474780398,BSk21
2.27262346076089,6.13250119193302,BSk21
2.27405877094005,5.9193804430233,BSk21
2.27526835709179,5.71834577518153,BSk21
2.27626163128768,5.52858365762205,BSk21
2.2770481996839,5.34924890444102,BSk21
2.27763682577693,5.17965442015551,BSk21
2.27803618976546,5.01910275160098,BSk21
2.278254437466,4.86700440455996,BSk21
2.27829945736081,4.72278457348343,BSk21
0.831424885686808,11412.0017101483,BSR2
0.866429402388396,9332.59683613423,BSR2
0.901601994961287,7672.71678368392,BSR2
0.936884922552504,6340.75525169822,BSR2
0.972220432342679,5266.49019435433,BSR2
1.00755251300008,4395.75838389132,BSR2
1.04282557684914,3686.60226160943,BSR2
1.07798686192641,3106.31427258246,BSR2
1.11298496649719,2629.30202364977,BSR2
1.14777118144499,2235.42966527846,BSR2
1.18229824629467,1908.79559952608,BSR2
1.21652168080898,1636.7734449963,BSR2
1.25039986363331,1409.29465685165,BSR2
1.28389333426395,1218.30058570896,BSR2
1.31696652343554,1057.30582178227,BSR2
1.34958589849404,921.078773738129,BSR2
1.38172094779402,805.378127906084,BSR2
1.41334402296322,706.752680493339,BSR2
1.44442983684369,622.384703888487,BSR2
1.47495679434682,549.961782635439,BSR2
1.50490571131376,487.582250296424,BSR2
1.53425989507077,433.676242508439,BSR2
1.56300519962615,386.943049759244,BSR2
1.5911297694865,346.30153468939,BSR2
1.61862414994775,310.849792331794,BSR2
1.64548113073852,279.83308439813,BSR2
1.67169596850035,252.617497065249,BSR2
1.69726540174452,228.669787322191,BSR2
1.72218779140601,207.539758229789,BSR2
1.74646333553298,188.845929436016,BSR2
1.77009384220687,172.264207355237,BSR2
1.79308242299305,157.518592589306,BSR2
1.81543387053632,144.37310507508,BSR2
1.83715367713226,132.625911440486,BSR2
1.85824843175288,122.103658460538,BSR2
1.87872555505206,112.657141779652,BSR2
1.89859344795626,104.157511388017,BSR2
1.91786123995631,96.4932860269915,BSR2
1.93653903158582,89.5676586482597,BSR2
1.95463666482153,83.2967579144676,BSR2
1.97216495125458,77.6073257725518,BSR2
1.98913534433619,72.4353147750211,BSR2
2.00555862445879,67.7249558911497,BSR2
2.02144683137991,63.4270505794297,BSR2
2.03681187769874,59.4984459992542,BSR2
2.05166589339228,55.9011178062552,BSR2
2.06602054765469,52.6016345862122,BSR2
2.07988798539736,49.5703349177859,BSR2
2.09328078090658,46.7808545578918,BSR2
2.10621040055499,44.2100081337617,BSR2
2.11868946491314,41.8369434287104,BSR2
2.13072961900844,39.643248402292,BSR2
2.14234241726266,37.6124849733009,BSR2
2.15354004888094,35.7298283779572,BSR2
2.16433363214143,33.9821529583471,BSR2
2.17473454869236,32.3576162217441,BSR2
2.18475427710203,30.8455373218974,BSR2
2.19440329339461,29.4364224825796,BSR2
2.20369265229165,28.121604540859,BSR2
2.2126328399481,26.893309681093,BSR2
2.2212339015254,25.7445399919634,BSR2
2.22950633485965,24.668872957636,BSR2
2.23745961150982,23.6605873449772,BSR2
2.24510359681315,22.7144124102498,BSR2
2.25244744481845,21.8256144432743,BSR2
2.259500350834,20.9898526498145,BSR2
2.26627119748061,20.2031799024953,BSR2
2.27276872875934,19.4619838098016,BSR2
2.27900135803759,18.7629745425185,BSR2
2.28497714017432,18.1031569080365,BSR2
2.29070417771555,17.4797583381044,BSR2
2.29619013356283,16.8902592546322,BSR2
2.30144245971004,16.332346043792,BSR2
2.30646866573182,15.8038640990119,BSR2
2.31127566034105,15.3028704461742,BSR2
2.31587045554776,14.8275442705711,BSR2
2.32025962131775,14.3762306301774,BSR2
2.32444958887271,13.9473963386515,BSR2
2.32844671035973,13.5396135952503,BSR2
2.33225706766986,13.1515694848864,BSR2
2.33588658499997,12.782045944832,BSR2
2.33934090908888,12.4299239748248,BSR2
2.34262563597695,12.0941535234916,BSR2
2.34574606393698,11.7737724001114,BSR2
2.34870746653589,11.4678725578418,BSR2
2.35151484389444,11.1756204658738,BSR2
2.35417309002754,10.8962353607076,BSR2
2.35668689045934,10.6289956430729,BSR2
2.35906088642422,10.3732178412987,BSR2
2.36129944239274,10.1282781095876,BSR2
2.36340687501861,9.89358448820137,BSR2
2.3653873927188,9.66858032405089,BSR2
2.36724498023094,9.4527549576642,BSR2
2.3689835033751,9.24563021052391,BSR2
2.37060677647061,9.04674976021457,BSR2
2.37211840727473,8.85569639845022,BSR2
2.373521997705,8.67206525473353,BSR2
2.37482093927672,8.49548818462449,BSR2
2.37601855181156,8.32561514630392,BSR2
2.37711806429215,8.16211482060333,BSR2
2.37812254207349,8.00468489775111,BSR2
2.37903502780329,7.85302992359404,BSR2
2.37985844314198,7.70687503270878,BSR2
2.38059560780046,7.56596273243498,BSR2
2.38124925664124,7.43004953325967,BSR2
2.38182203040487,7.29890759487925,BSR2
2.38231649683158,7.17232016483361,BSR2
2.38273514948742,7.05008064483439,BSR2
2.38308039222889,6.93199599218197,BSR2
2.38335455317756,6.81788438679813,BSR2
2.38355989543528,6.70757078351623,BSR2
2.38369860310435,6.6008932894408,BSR2
2.38377279733349,6.49769656825627,BSR2
2.383784532505,6.39783386494538,BSR2
0.830832385009122,13773.5057362543,BSR6
0.86339086532132,11310.0500111341,BSR6
0.896431850913174,9318.77470039768,BSR6
0.929900581247441,7704.67328284586,BSR6
0.963739379293487,6392.56652838014,BSR6
0.99788814714548,5322.8444783577,BSR6
1.0322850389444,4448.14110808905,BSR6
1.06686650005712,3730.75102243332,BSR6
1.10156900567606,3140.57205156949,BSR6
1.13632882642584,2653.53534850235,BSR6
1.17108326142863,2250.34432757584,BSR6
1.20577081603128,1915.49839876941,BSR6
1.24033110680766,1636.52126196322,BSR6
1.27470566928981,1403.34281989469,BSR6
1.30883922418766,1207.81040962325,BSR6
1.34267857483359,1043.31529976368,BSR6
1.37617438716804,904.479673436175,BSR6
1.40928035277603,786.92074002253,BSR6
1.44195328686077,687.057105071845,BSR6
1.47415384790733,601.952705952097,BSR6
1.5058458892194,529.195865384962,BSR6
1.53699728515256,466.798529831278,BSR6
1.56757981649682,413.117800834028,BSR6
1.59756856327512,366.793230695254,BSR6
1.6269415909463,326.695380117833,BSR6
1.6556807100068,291.882893543873,BSR6
1.6837704781682,261.570044374627,BSR6
1.71119905998118,235.098201607698,BSR6
1.73795729792327,211.914511325113,BSR6
1.76403857476558,191.553603257853,BSR6
1.7894385917902,173.62270795348,BSR6
1.81415547401972,157.789262880259,BSR6
1.83818919573242,143.771167156068,BSR6
1.86154202313054,131.328173119369,BSR6
1.88421797587944,120.255342020881,BSR6
1.90622229586887,110.37756388586,BSR6
1.92756171875316,101.544652702511,BSR6
1.94824412837621,93.6275555876223,BSR6
1.96827828817762,86.5151447673081,BSR6
1.98767497767651,80.1110900485939,BSR6
2.00644408505043,74.3325397827497,BSR6
2.02459793356942,69.1070824013917,BSR6
2.04214761126686,64.3722445226299,BSR6
2.05910625783006,60.0731561954801,BSR6
2.07548656560043,56.1620939961495,BSR6
2.09130166102119,52.5972431583956,BSR6
2.10656524355413,49.3418449495776,BSR6
2.12129049645013,46.3637193175933,BSR6
2.13549117123537,43.6344209175702,BSR6
2.14918058572694,41.1289270193579,BSR6
2.16237269240752,38.8249903178175,BSR6
2.17508094038438,36.7029723306537,BSR6
2.1873188961324,34.7454029617974,BSR6
2.19909978906998,32.9367739180558,BSR6
2.21043666201492,31.2632700863334,BSR6
2.22134266309328,29.7125172846128,BSR6
2.23183009291685,28.2735379790003,BSR6
2.24191214598478,26.9363515313558,BSR6
2.25160059564919,25.6921544604244,BSR6
2.2609077746654,24.5329344589453,BSR6
2.26984515955459,23.451551232176,BSR6
2.27842432258455,22.4415248523314,BSR6
2.28665660983536,21.4969991385237,BSR6
2.294552893312,20.6127004387875,BSR6
2.3021238408888,19.7838450474642,BSR6
2.30937969967207,19.0061093000181,BSR6
2.31633081690659,18.275527402367,BSR6
2.32298666218797,17.5885532484995,BSR6
2.32935685691437,16.9419161985424,BSR6
2.33545085034723,16.3326224490208,BSR6
2.34127746404403,15.7579738522668,BSR6
2.34684550028739,15.2154802468103,BSR6
2.35216335840329,14.7028756177725,BSR6
2.35723909379437,14.2180918608403,BSR6
2.36208077231018,13.7592074865243,BSR6
2.36669612494936,13.3244652256442,BSR6
2.3710925268781,12.9122595562849,BSR6
2.37527718466388,12.5211067934163,BSR6
2.37925710684,12.1496365584978,BSR6
2.38303898072162,11.7965936222035,BSR6
2.38662941854906,11.4608059248476,BSR6
2.39003469006893,11.1412016571647,BSR6
2.39326096743515,10.8367791863058,BSR6
2.39631414837326,10.5466174785989,BSR6
2.39919989320663,10.2698664310163,BSR6
2.40192379545915,10.0057276733947,BSR6
2.40449119460381,9.75346368728997,BSR6
2.40690726251935,9.51238953043332,BSR6
2.40917698967062,9.28186860878893,BSR6
2.41130523033433,9.06130511300334,BSR6
2.41329664900674,8.85014659768797,BSR6
2.41515577476062,8.64787577738315,BSR6
2.41688696734023,8.45401173573862,BSR6
2.41849447299253,8.26810160042135,BSR6
2.41998236040085,8.08972598105156,BSR6
2.42135459922386,7.91848816748943,BSR6
2.42261497502761,7.75402310613001,BSR6
2.4237671841631,7.59598446717278,BSR6
2.42481482919552,7.44404317446548,BSR6
2.42576134456655,7.29789687662182,BSR6
2.4266100546225,7.15726157513677,BSR6
2.42736421338682,7.0218638926887,BSR6
2.42802691017557,6.89145654950341,BSR6
2.42860118314569,6.76579789764197,BSR6
2.42908994732163,6.64466439353965,BSR6
2.42949602458619,6.52784504239807,BSR6
2.42982214490191,6.41514072434321,BSR6
2.43007094931494,6.30636315111063,BSR6
2.4302449909803,6.20133604226736,BSR6
2.43034674334823,6.09989227118867,BSR6
2.43037859846367,6.0018705668875,BSR6
0.806371074609226,11858.163187595,DD2
0.859067697142242,8727.43662053922,DD2
0.912327018078305,6499.8728380035,DD2
0.965906530487322,4897.35944847764,DD2
1.01957440221269,3731.88348884477,DD2
1.07311192879438,2875.13967746835,DD2
1.12631486118684,2238.73160244324,DD2
1.17899544083866,1761.15896607724,DD2
1.23098611114606,1399.20438320639,DD2
1.28213527176578,1122.23920654205,DD2
1.33231033459789,908.3344645854,DD2
1.38139862115571,741.642866570397,DD2
1.4293030693575,610.620208560467,DD2
1.4759429762096,506.77753853853,DD2
1.52125543680013,423.814899926535,DD2
1.56518994011604,357.025176198474,DD2
1.60770905564742,302.859707419062,DD2
1.64878932026933,258.620162110353,DD2
1.68841587790753,222.243280389965,DD2
1.726583911912,192.137441283277,DD2
1.76329660204548,167.066833749864,DD2
1.7985655580416,146.064472827126,DD2
1.83240716952241,128.370144336076,DD2
1.86484314855597,113.381615209202,DD2
1.89590077723636,100.618465491251,DD2
1.92560969372857,89.6960773895456,DD2
1.95400266957247,80.3042668322697,DD2
1.98111457591572,72.1916231650976,DD2
2.00698309518853,65.1529643691562,DD2
2.03164597080389,59.0205384487976,DD2
2.05514173008823,53.6562508261241,DD2
2.07751065489724,48.9456133226556,DD2
2.09879192551787,44.7937604029711,DD2
2.11902504737674,41.1214364172251,DD2
2.13824932012386,37.8621978781455,DD2
2.15650344589526,34.9601428994099,DD2
2.17382534665253,32.3680576458519,DD2
2.19025184908923,30.0459391866747,DD2
2.20582008218299,27.9595755077048,DD2
2.2205651440275,26.0798795389166,DD2
2.2345209753211,24.3819260944955,DD2
2.24772146307805,22.8441625510669,DD2
2.26019870188446,21.4480693275925,DD2
2.27198368872762,20.1776149163502,DD2
2.28310654697824,19.0188563695688,DD2
2.2935962183278,17.9596599650175,DD2
2.30348030303134,16.9894544358819,DD2
2.31278590247368,16.0989288471452,DD2
2.32153844232861,15.2799646301273,DD2
2.32976242188038,14.5254062885235,DD2
2.33748181002643,13.8288976702549,DD2
2.34471897346638,13.1848694773599,DD2
2.35149562060048,12.5883594549921,DD2
2.35783233109547,12.0349756544502,DD2
2.36374918201223,11.5207742687076,DD2
2.36926499490783,11.0422678638807,DD2
2.37439783915074,10.5963321310684,DD2
2.37916515519155,10.180153128599,DD2
2.38358340819695,9.7912220177612,DD2
2.38766842368244,9.42727403079883,DD2
2.39143526120125,9.08627387344312,DD2
2.39489840614594,8.76637510457023,DD2
2.39807160067497,8.46591607523053,DD2
2.40096792190829,8.18339655851364,DD2
2.40360001646233,7.91744021773816,DD2
2.40597981813702,7.66680973459735,DD2
2.40811873103419,7.43037879401258,DD2
2.41002772807886,7.20711169088608,DD2
2.41171721340645,6.9960705972469,DD2
2.41319714080472,6.7963961897088,DD2
2.41447696882424,6.60730856910056,DD2
2.41556582369157,6.42807937255497,DD2
2.41647235186343,6.25804945208426,DD2
2.41720479691215,6.09661651645474,DD2
2.41777108792185,5.9432158102795,DD2
2.41817875685737,5.79733531616211,DD2
2.41843500431554,5.65850211924262,DD2
2.41854671886339,5.5262751257619,DD2
0.82050930824605,9957.87701300821,DDHd
0.861428552672288,7877.49828488697,DDHd
0.901835090128111,6297.51413704482,DDHd
0.941662840296724,5084.02918864439,DDHd
0.980855770362706,4142.16719041178,DDHd
1.0193649091299,3403.90120894861,DDHd
1.05715087964359,2819.82214426344,DDHd
1.09417926536192,2353.69912041589,DDHd
1.13042184567969,1978.65803971808,DDHd
1.16585781071855,1674.55327262764,DDHd
1.20046936220158,1426.17128033978,DDHd
1.23424393094156,1221.9012825418,DDHd
1.26717239584359,1052.81509380512,DDHd
1.29925063624608,911.983765365112,DDHd
1.33047639074609,794.000330065552,DDHd
1.36084992655977,694.61076779464,DDHd
1.39037545063295,610.44048535846,DDHd
1.41905818925174,538.80207707708,DDHd
1.4469054429509,477.538793809816,DDHd
1.4739257623062,424.910657594805,DDHd
1.50013061418481,379.502793914482,DDHd
1.52553119887142,340.163257730979,DDHd
1.55013995660632,305.946759884493,DDHd
1.57397132142302,276.07272963897,DDHd
1.59703928272379,249.896211266884,DDHd
1.61935896077447,226.880056157446,DDHd
1.64094562182976,206.575798347397,DDHd
1.66181578288966,188.606426730921,DDHd
1.68198544485895,172.655065115695,DDHd
1.70147089907746,158.453679610757,DDHd
1.72028920488284,145.774361459638,DDHd
1.73845690688061,134.423388959194,DDHd
1.75599077984472,124.235061910144,DDHd
1.77290719030236,115.067499437783,DDHd
1.78922357072111,106.798063853067,DDHd
1.80495564649694,99.3217242276263,DDHd
1.82012012610435,92.5470479172563,DDHd
1.83473371773024,86.394624230383,DDHd
1.84881138688814,80.795956161641,DDHd
1.86236951107151,75.6906340968799,DDHd
1.87542344324297,71.0260973512424,DDHd
1.88798850077597,66.7561655681622,DDHd
1.90007921327694,62.840399784569,DDHd
1.91171033553039,59.2429983659735,DDHd
1.92289622484831,55.9323693838927,DDHd
1.933650534456,52.8806570340995,DDHd
1.94398717391144,50.0629926030277,DDHd
1.95391923142961,47.4574017602039,DDHd
1.96345956140718,45.0442854872442,DDHd
1.97262099112031,42.8060801039925,DDHd
1.98141530940551,40.7272471387244,DDHd
1.98985464488341,38.7937140660673,DDHd
1.99795062323038,36.9928911383051,DDHd
2.0057140300457,35.3135709138,DDHd
2.01315614904795,33.7454897495279,DDHd
2.0202872248301,32.2795369336819,DDHd
2.02711764006331,30.9073917891966,DDHd
2.03365691039242,29.6216341984063,DDHd
2.0399150016095,28.415397001669,DDHd
2.04590086457073,27.2825814005084,DDHd
2.05162347743907,26.2175868911577,DDHd
2.05709164950491,25.2152954631924,DDHd
2.06231364460135,24.2710898680822,DDHd
2.06729756677537,23.3807378506356,DDHd
2.07205111816788,22.5403963747637,DDHd
2.07658206903008,21.7464940166968,DDHd
2.08089757677574,20.9958203688949,DDHd
2.08500467719474,20.2854118636123,DDHd
2.08891035839816,19.6125157919196,DDHd
2.09262107934586,18.9746516476717,DDHd
2.09614329101419,18.3695021111069,DDHd
2.09948311226386,17.7949519088288,DDHd
2.10264657908017,17.2490296205315,DDHd
2.1056393757844,16.7299405722139,DDHd
2.10846711691385,16.2360059719953,DDHd
2.11113517490281,15.765682196161,DDHd
2.11364880160959,15.3175293902551,DDHd
2.11601298052495,14.8902296206394,DDHd
2.11823263141068,14.4825421559658,DDHd
2.12031245692603,14.0933240507399,DDHd
2.1222570104627,13.7215125092769,DDHd
2.12407065911337,13.366125574752,DDHd
2.12575776353762,13.0262228267776,DDHd
2.12732242001347,12.7009503406426,DDHd
2.12876859620184,12.3895119583377,DDHd
2.13010020514121,12.0911487077621,DDHd
2.13132096231658,11.8051660648647,DDHd
2.13243450496467,11.5309056648049,DDHd
2.13344431651789,11.2677605272977,DDHd
2.13435383954985,11.0151432886886,DDHd
2.13516631641476,10.7725274282914,DDHd
2.13588494565476,10.5394033474765,DDHd
2.1365128083159,10.3152965973316,DDHd
2.13705290052111,10.0997561074802,DDHd
2.13750808863907,9.8923716612521,DDHd
2.1378811772371,9.69274606022106,DDHd
2.1381748837581,9.50050351151639,DDHd
2.13839182463113,9.31529769221348,DDHd
2.13853453824171,9.13680110659358,DDHd
2.13860548759991,8.96469817481898,DDHd
2.13860705314896,8.79869724599911,DDHd
0.801316027038115,18137.9250876272,GM1
0.849392101987709,13585.2044583462,GM1
0.897490122551635,10297.0319927606,GM1
0.945501870851338,7892.10489095955,GM1
0.993322607299963,6112.43516070569,GM1
1.04085242196899,4780.9297868762,GM1
1.08799751720527,3774.39339171845,GM1
1.13466834869033,3006.1026719831,GM1
1.18078169042558,2414.26808206833,GM1
1.22625982735471,1954.39827521681,GM1
1.27103097988733,1594.12460424884,GM1
1.31502947261318,1309.66938200859,GM1
1.35819567099763,1083.40644722165,GM1
1.40047577487399,902.157030395482,GM1
1.44182232732514,755.984344790608,GM1
1.48219337034078,637.339891015318,GM1
1.52155318825446,540.444334238958,GM1
1.55987145961221,460.843090411788,GM1
1.5971234374384,395.078624917696,GM1
1.63328962844791,340.450081928225,GM1
1.66835556953491,294.834574141321,GM1
1.70231135435742,256.553796136413,GM1
1.73515196751361,224.272761383207,GM1
1.76687602347718,196.924599603916,GM1
1.79748651299411,173.651391736974,GM1
1.82698962514119,153.760368499293,GM1
1.85539494657367,136.689059275589,GM1
1.88271483959185,121.978812374493,GM1
1.90896449267757,109.253760946413,GM1
1.93416126525711,98.2046937597852,GM1
1.95832447975279,88.576119911748,GM1
1.98147540822553,80.155979651573,GM1
2.00363662645936,72.7676950248203,GM1
2.02483178917897,66.2636556335038,GM1
2.04508603145787,60.5198403871486,GM1
2.06442482891649,55.4319095361025,GM1
2.0828742773606,50.9116604342365,GM1
2.10046114060924,46.8842303811909,GM1
2.11721243972885,43.2859232452272,GM1
2.13315510067323,40.0624119654086,GM1
2.14831569503533,37.1672405121123,GM1
2.16272139531349,34.5603780372726,GM1
2.17639861268635,32.2074377669962,GM1
2.18937354856503,30.0786981203119,GM1
2.20167211288544,28.1483995844794,GM1
2.21331927025459,26.3942422193994,GM1
2.22434029326989,24.7966900767961,GM1
2.23475892318385,23.3388236062287,GM1
2.24459903831167,22.0057380230259,GM1
2.2538835912652,20.7843974470075,GM1
2.26263472807222,19.6633598008552,GM1
2.27087430751623,18.632495719955,GM1
2.27862303423548,17.6829162794653,GM1
2.28590142629744,16.8066961685549,GM1
2.29272883568527,15.9968615713492,GM1
2.29912436783898,15.2471657160225,GM1
2.30510610672918,14.5520842863337,GM1
2.31069168769831,13.9066644681326,GM1
2.31589794776542,13.3064945458578,GM1
2.32074119545826,12.7476110142636,GM1
2.32523704700545,12.2264648221177,GM1
2.32940049550077,11.7398674826186,GM1
2.3332459827149,11.2849434765751,GM1
2.33678735867751,10.8591006031118,GM1
2.34003786717771,10.4600028547821,GM1
2.34301024409882,10.085532888728,GM1
2.34571673093811,9.73376806155389,GM1
2.34816898609833,9.40297292709991,GM1
2.35037824187347,9.09156256266988,GM1
2.35235524410138,8.79809578478687,GM1
2.35411024768174,8.52126479834996,GM1
2.35565313653385,8.25986608621425,GM1
2.35699330189353,8.01281151394298,GM1
2.35813980142924,7.77909360858614,GM1
2.35910125580655,7.55779806660745,GM1
2.35988593352674,7.34808257726484,GM1
2.36050175077157,7.14917303019491,GM1
2.36095627647199,6.96036004378429,GM1
2.36125675925196,6.7809872547042,GM1
2.3614101324282,6.61045129738925,GM1
2.36142303134831,6.44819568875321,GM1
0.827368878232593,20541.5087884735,NL3
0.886309185813522,14518.6789994501,NL3
0.947808412419811,10309.8251062119,NL3
1.01187655542797,7354.00921682102,NL3
1.0784335034464,5270.19050923905,NL3
1.14729763489883,3796.44987155303,NL3
1.21818240322455,2751.10277800795,NL3
1.29070016025892,2007.3260369258,NL3
1.3643794653182,1476.20579968305,NL3
1.43868609208731,1095.28544092983,NL3
1.51305325836129,820.641922170065,NL3
1.5869103123208,621.382115562916,NL3
1.65971147836021,475.768834604288,NL3
1.73095879937326,368.496502106151,NL3
1.80021775663602,288.772463182121,NL3
1.86712783051744,228.96570506773,NL3
1.93140521703299,183.661557312011,NL3
1.99284090278642,148.999940362639,NL3
2.05129515961803,122.213437786413,NL3
2.10668977950073,101.305134446495,NL3
2.15899905159975,84.8238458465828,NL3
2.20824073283408,71.7068943189308,NL3
2.25446702294142,61.1699439968318,NL3
2.29775711492999,52.6292444673167,NL3
2.33821000031477,45.6467607435996,NL3
2.3759389457663,39.8910046058685,NL3
2.41106614447734,35.1091021393755,NL3
2.44371892110599,31.1065569255891,NL3
2.47402676936372,27.7325603713753,NL3
2.50211923019601,24.8692384996529,NL3
2.52812351696766,22.4238107583337,NL3
2.5521634691598,20.3226890727895,NL3
2.57435856059313,18.5070978302846,NL3
2.59482329508162,16.9297695607134,NL3
2.61366675400558,15.5524461391943,NL3
2.63099248250514,14.3439601218425,NL3
2.6468980933027,13.2787879829601,NL3
2.6614758609745,12.3358747291319,NL3
2.67481225946449,11.4977875289761,NL3
2.68698888398985,10.7499741393602,NL3
2.6980816027057,10.0802820077782,NL3
2.70816173895352,9.47846546805222,NL3
2.71729601619468,8.93585941700619,NL3
2.72554659703778,8.4451144310409,NL3
2.73297158725694,7.99995849990212,NL3
2.73962525970756,7.59501770555134,NL3
2.74555825074664,7.22567136195076,NL3
2.75081766382243,6.88793998130581,NL3
2.75544757739944,6.5783685674875,NL3
2.7594891219024,6.29395273762929,NL3
2.76298056558266,6.0320795088232,NL3
2.76595771757651,5.79045571682674,NL3
2.76845393163987,5.56707371374689,NL3
2.77050038524839,5.36016296381722,NL3
2.77212615105335,5.16816455269121,NL3
2.77335843661566,4.9896927296178,NL3
2.7742226199685,4.82352248502334,NL3
2.77474243718393,4.66856161620769,NL3
2.77494007756294,4.52383825605445,NL3
0.804663058342173,9917.98863981041,SLY9
0.840192696223169,7960.83499899471,SLY9
0.875622630758741,6437.03961801313,SLY9
0.91089376319126,5241.54022352795,SLY9
0.945949717888775,4296.75884283206,SLY9
0.980740228674905,3544.85976082401,SLY9
1.01521599881967,2942.48565115556,SLY9
1.04933387643847,2456.79742018504,SLY9
1.08305349667802,2062.79126907404,SLY9
1.11633840481208,1741.2806161683,SLY9
1.14915529291096,1477.45013887678,SLY9
1.18147275425812,1259.79209658292,SLY9
1.21326661122077,1079.28134882951,SLY9
1.24451113680095,928.843242183909,SLY9
1.27518720578247,802.862061355858,SLY9
1.30527594371482,696.880477652003,SLY9
1.33476149817495,607.331084848448,SLY9
1.36363274658198,531.339956741786,SLY9
1.39187744807559,466.594337154639,SLY9
1.41948805721145,411.210945665625,SLY9
1.44645868858152,363.655359567394,SLY9
1.47278406005047,322.672980800748,SLY9
1.49846140928643,287.230575511988,SLY9
1.52349085130233,256.473382339971,SLY9
1.54787160572154,229.695559262666,SLY9
1.57160582846111,206.307799457688,SLY9
1.59469590651624,185.818764058598,SLY9
1.61714728834393,167.814937402155,SLY9
1.63896434505829,151.950075347941,SLY9
1.66015252961923,137.931684094279,SLY9
1.68072011250143,125.510839416909,SLY9
1.70067351488138,114.477573528538,SLY9
1.72002147665588,104.652017686318,SLY9
1.73877315929411,95.8805500117837,SLY9
1.75693742311395,88.0318441971908,SLY9
1.77452463043503,80.9925593460059,SLY9
1.79154418488013,74.6655283070133,SLY9
1.80800754358285,68.96614792734,SLY9
1.82392477567501,63.8216773928158,SLY9
1.83930698615044,59.1686724592273,SLY9
1.85416546341224,54.9518789348608,SLY9
1.86851165604885,51.1230868512303,SLY9
1.8823564485388,47.6402817301109,SLY9
1.89571129165284,44.4665008038984,SLY9
1.90858782020844,41.5692338695793,SLY9
1.92099753491486,38.9198895692574,SLY9
1.93295168357751,36.4932859885344,SLY9
1.94446129410366,34.2671946979502,SLY9
1.95553767257029,32.2218528144898,SLY9
1.96619223915633,30.3396927582823,SLY9
1.97643589088484,28.6051623311622,SLY9
1.98627970125849,27.004361218368,SLY9
1.99573424672081,25.5249433913687,SLY9
2.00480977422432,24.1558985134144,SLY9
2.01351699330015,22.8872779984557,SLY9
2.02186643689689,21.7101633287372,SLY9
2.02986793212039,20.6166147473822,SLY9
2.03753114165006,19.5994869653578,SLY9
2.04486573261702,18.6523174673462,SLY9
2.05188152073131,17.7692333826594,SLY9
2.05858779469485,16.9449669800485,SLY9
2.06499338009593,16.1747837239943,SLY9
2.07110716454176,15.4543630689495,SLY9
2.07693820961147,14.7797409432945,SLY9
2.08249465136804,14.1473988431973,SLY9
2.08778464753875,13.5541085107595,SLY9
2.09281666201227,12.9968764125125,SLY9
2.09759831775977,12.4730400465151,SLY9
2.10213715441102,11.9801568407504,SLY9
2.10644108560403,11.5159334772385,SLY9
2.11051701899602,11.0783543915063,SLY9
2.11437195619082,10.6655451569041,SLY9
2.11801324169452,10.2757299658004,SLY9
2.12144709721038,9.90737517909991,SLY9
2.12468034344752,9.5589904960006,SLY9
2.12771931499297,9.22923466409055,SLY9
2.13056986571398,8.91690578768535,SLY9
2.13323844733169,8.62081384015824,SLY9
2.13573045423381,8.33995370449849,SLY9
2.13805180364218,8.07332371989056,SLY9
2.14020789218826,7.82003523169091,SLY9
2.14220392867961,7.57927116446503,SLY9
2.14404534452719,7.35022990899866,SLY9
2.14573683977629,7.13223713318082,SLY9
2.14728364080467,6.9245846943312,SLY9
2.14869015430194,6.72669860887189,SLY9
2.14996121101129,6.53797197140931,SLY9
2.15110104748652,6.35790356416296,SLY9
2.15211416572641,6.18596768793449,SLY9
2.15300459956711,6.02172725810406,SLY9
2.15377645737605,5.86474326713706,SLY9
2.15443365131452,5.71461864515539,SLY9
2.15498006923989,5.57095943508941,SLY9
2.15541934121449,5.43342992339407,SLY9
2.15575506098309,5.30170038041139,SLY9
2.15599070216751,5.17546668608604,SLY9
2.15612965463182,5.05442505716938,SLY9
2.15617515435452,4.9383220950337,SLY9
0.820617830010859,20427.3297101664,TM1
0.866400000598302,15462.2645137274,TM1
0.912061284886059,11837.9482606471,TM1
0.95750777484042,9160.49471375375,TM1
1.00264550542094,7160.42565893974,TM1
1.04738135827091,5650.77454618439,TM1
1.09162415009381,4500.13245206299,TM1
1.13528612999012,3615.0204068388,TM1
1.17828261557665,2928.22249398401,TM1
1.22053448287934,2390.88020519642,TM1
1.26196756646584,1967.15049019868,TM1
1.30251463566688,1630.48576093659,TM1
1.34211483181406,1361.06286356791,TM1
1.38071465592171,1143.95511244808,TM1
1.41826823356655,967.836227182715,TM1
1.45473723967864,824.049647895111,TM1
1.49009093994862,705.932609544366,TM1
1.52430583100027,608.323120869722,TM1
1.55736578743739,527.195175635074,TM1
1.58926098551053,459.390964391376,TM1
1.61998818813366,402.417500677752,TM1
1.64954978121794,354.296226549899,TM1
1.67795320345112,313.44820340758,TM1
1.70521078164416,278.606169239285,TM1
1.73133877221321,248.748246384645,TM1
1.75635700364943,223.046093074361,TM1
1.78028831897555,200.825026748325,TM1
1.80315804076703,181.532969800004,TM1
1.82499366244349,164.715984221541,TM1
1.8458242402065,149.999306895505,TM1
1.86567992729333,137.072249596191,TM1
1.88459204599978,125.675924329607,TM1
1.90259234450375,115.593968163774,TM1
1.91971280071026,106.644804927759,TM1
1.9359854145711,98.6754544171671,TM1
1.95144276046944,91.5562141427317,TM1
1.96611605515253,85.1774547311712,TM1
1.98003639691966,79.4456471750024,TM1
1.99323464015531,74.2807256421231,TM1
2.00574081676911,69.6140915756923,TM1
2.01758391720933,65.386832076211,TM1
2.02879266096278,61.5479250303034,TM1
2.03939446561388,58.0533521120778,TM1
2.04941559624026,54.8649807776517,TM1
2.05888227340217,51.9493500925652,TM1
2.06781899529968,49.2774824576017,TM1
2.07624972751852,46.8238989243494,TM1
2.08419735625568,44.5662806053027,TM1
2.09168394077922,42.4849660458676,TM1
2.09873045077109,40.5626624807651,TM1
2.10535708999379,38.7840505019148,TM1
2.1115833407171,37.1355172379048,TM1
2.11742761427935,35.6050294188838,TM1
2.12290755034216,34.181865790121,TM1
2.1280401876669,32.8564152976352,TM1
2.13284155547098,31.6201471414081,TM1
2.13732703118349,30.4654015560969,TM1
2.14151134594672,29.3852897496791,TM1
2.14540852369666,28.3736243400494,TM1
2.14903191989596,27.4248358503819,TM1
2.15239424645203,26.5339040533465,TM1
2.15550767134713,25.6962777485326,TM1
2.15838377856116,24.9078384844799,TM1
2.16103353362708,24.1648708903759,TM1
2.1634675385134,23.4639577014942,TM1
2.16569568877448,22.8020474799207,TM1
2.16772762981067,22.1762978357895,TM1
2.16957241130808,21.5841544021042,TM1
2.17123870079061,21.0232699223489,TM1
2.17273473679783,20.491502910978,TM1
2.17406840680885,19.986877778861,TM1
2.17524719079786,19.5075969919526,TM1
2.1762782200721,19.0519980810067,TM1
2.1771683262229,18.6185530050029,TM1
2.17792399466274,18.2058534469289,TM1
2.1785514000251,17.812609056885,TM1
2.17905645066452,17.437616396597,TM1
2.17944476707264,17.0797707033191,TM1
2.17972171828808,16.738042383091,TM1
2.17989241408892,16.4114916987922,TM1
2.17996174336074,16.0992236298411,TM1
